[
  {
    "order_id": "SIm5oDaL0hDIEyPiMKwe",
    "type": "shipping_prep",
    "assigned_to": "XA6zxFhsnHg6A3P9eZxGIwLOLn43",
    "priority": "high",
    "order_number": "ORD-2025-0002",
    "assigned_by": "",
    "id": "task_1762511238405_5tmgfqz3y",
    "created_at": "2025-11-07T10:27:18.405Z",
    "updated_at": "2025-11-07T11:12:47.622Z",
    "status": "completed",
    "completed_at": "2025-11-07T11:12:47.622Z"
  },
  {
    "order_id": "4mWrKRF0a9huuyPcZy7O",
    "order_number": "ORD-2025-0003",
    "type": "packing",
    "assigned_to": "XA6zxFhsnHg6A3P9eZxGIwLOLn43",
    "priority": "high",
    "status": "completed",
    "assigned_by": "wkJeqwvfyyO8ozddZT2wpRJ76jh1",
    "id": "task_1762514472802_7pdf30bkd",
    "created_at": "2025-11-07T11:21:12.802Z",
    "updated_at": "2025-11-07T11:22:20.533Z",
    "completed_at": "2025-11-07T11:22:20.533Z"
  },
  {
    "order_id": "4mWrKRF0a9huuyPcZy7O",
    "order_number": "ORD-2025-0003",
    "type": "quality_check",
    "assigned_to": "XA6zxFhsnHg6A3P9eZxGIwLOLn43",
    "assigned_by": "wkJeqwvfyyO8ozddZT2wpRJ76jh1",
    "priority": "high",
    "status": "completed",
    "id": "task_1762514540644_4v8b2wnbm",
    "created_at": "2025-11-07T11:22:20.644Z",
    "updated_at": "2025-11-07T11:22:22.447Z",
    "completed_at": "2025-11-07T11:22:22.447Z"
  },
  {
    "order_id": "4mWrKRF0a9huuyPcZy7O",
    "order_number": "ORD-2025-0003",
    "type": "shipping_prep",
    "assigned_to": "XA6zxFhsnHg6A3P9eZxGIwLOLn43",
    "assigned_by": "wkJeqwvfyyO8ozddZT2wpRJ76jh1",
    "priority": "high",
    "status": "completed",
    "id": "task_1762514542544_pi2l2tnrf",
    "created_at": "2025-11-07T11:22:22.544Z",
    "updated_at": "2025-11-07T11:22:24.907Z",
    "completed_at": "2025-11-07T11:22:24.907Z"
  }
]